"stock","species","Year.of.first.stock.assessment","region","Family","Order","Class","habitat"
"AI walleye pollock","Theragra chalcogramma","2003","USWC-AK","Gadidae","Gadiformes","Actinopterygii","benthopelagic"
"Alaska Kodiak herring","Clupea pallasii","1978","USWC-AK","Clupeidae","Clupeiformes","Actinopterygii","pelagic"
"Alaska sablefish","Anoplopoma fimbria","1987","USWC-AK","Anoplopomatidae","Scorpaeniformes","Actinopterygii","demersal"
"Alaska scallop Bering Sea","Patinopecten caurinus","only relative indices","USWC-AK","Pectinidae","Ostreoida","Bivalvia","benthic"
"Alaska scallop Kodiak NE","Patinopecten caurinus","only relative indices","USWC-AK","Pectinidae","Ostreoida","Bivalvia","benthic"
"Alaska scallop Kodiak Shelikof","Patinopecten caurinus","only relative indices","USWC-AK","Pectinidae","Ostreoida","Bivalvia","benthic"
"Alaska scallop PWS","Patinopecten caurinus","only relative indices","USWC-AK","Pectinidae","Ostreoida","Bivalvia","benthic"
"Alaska scallop Yakutat Area D","Patinopecten caurinus","only relative indices","USWC-AK","Pectinidae","Ostreoida","Bivalvia","benthic"
"Alaska scallop Yakutat Dist 16","Patinopecten caurinus","only relative indices","USWC-AK","Pectinidae","Ostreoida","Bivalvia","benthic"
"Alaska Sitka herring","Clupea pallasii","1976","USWC-AK","Clupeidae","Clupeiformes","Actinopterygii","pelagic"
"Alaska Togiak herring","Clupea pallasii","1978","USWC-AK","Clupeidae","Clupeiformes","Actinopterygii","pelagic"
"Bristol Bay red king crab","Paralithodes camtschaticus","1994","USWC-AK","Lithodidae","Decapoda","Malacostraca","benthic"
"Brown rockfish - Pacific Coast","Sebastes auriculatus","2013","USWC-48","Sebastidae","Scorpaeniformes","Actinopterygii","demersal"
"BSAI Alaska plaice","Pleuronectes quadrituberculatus","1996","USWC-AK","Pleuronectidae","Pleuronectiformes","Actinopterygii","demersal"
"BSAI arrowtooth flounder","Atheresthes stomias","1988","USWC-AK","Pleuronectidae","Pleuronectiformes","Actinopterygii","demersal"
"BSAI atka mackerel","Pleurogrammus monopterygius","1986","USWC-AK","Hexagrammidae","Scorpaeniformes","Actinopterygii","demersal"
"BSAI flathead sole","Hippoglossoides elassodon","1998","USWC-AK","Pleuronectidae","Pleuronectiformes","Actinopterygii","demersal"
"BSAI Greenland halibut","Reinhardtius hippoglossoides","1987","USWC-AK","Pleuronectidae","Pleuronectiformes","Actinopterygii","benthopelagic"
"BSAI northern rockfish","Sebastes polyspinis","2003","USWC-AK","Sebastidae","Scorpaeniformes","Actinopterygii","demersal"
"BSAI Pacific cod","Gadus macrocephalus","1987","USWC-AK","Gadidae","Gadiformes","Actinopterygii","demersal"
"BSAI Pacific ocean perch","Sebastes alutus","1985","USWC-AK","Sebastidae","Scorpaeniformes","Actinopterygii","demersal"
"BSAI rougheye rockfish","Sebastes aleutianus","2003","USWC-AK","Sebastidae","Scorpaeniformes","Actinopterygii","demersal"
"BSAI shortraker rockfish","Sebastes borealis","2003","USWC-AK","Sebastidae","Scorpaeniformes","Actinopterygii","demersal"
"BSAI yellowfin sole","Limanda aspera","1987","USWC-AK","Pleuronectidae","Pleuronectiformes","Actinopterygii","demersal"
"CA dungeness crab","Cancer magister","no published document","USWC-48","Cancridae","Decapoda","Malacostraca","benthic"
"CA red sea urchin","Strongylocentrotus franciscanus","minimal information","USWC-48","Strongylocentrotidae","Echinoida","Echinoidea","benthic"
"CA spiny lobster","Panulirus interruptus","2011","USWC-48","Palinuridae","Decapoda","Malacostraca","benthic"
"CCod/GoMaine yellowtail flounder","Limanda ferruginea","1999","USEC-NE","Pleuronectidae","Pleuronectiformes","Actinopterygii","demersal"
"Chesapeake Bay blue crab","Callinectes sapidus","1997","USEC-NE","Portunidae","Decapoda","Malacostraca","benthic"
"Copper rockfish - Pacific Coast","Sebastes caurinus","2013","USWC-48","Sebastidae","Scorpaeniformes","Actinopterygii","demersal"
"Delaware Bay horseshoe crab","Limulus polyphemus","1998","USEC-NE","Limulidae","Xiphosura","Merostomata","benthic"
"EBS snow crab","Chionoecetes opilio","2000","USWC-AK","Oregoniidae","Decapoda","Malacostraca","benthic"
"EBS tanner crab","Chionoecetes bairdi","2012","USWC-AK","Oregoniidae","Decapoda","Malacostraca","benthic"
"EBS walleye pollock","Theragra chalcogramma","1987","USWC-AK","Gadidae","Gadiformes","Actinopterygii","benthopelagic"
"GeBank American lobster","Homarus americanus","1992","USEC-NE","Nephropidae","Decapoda","Malacostraca","benthic"
"GeBank Atlantic cod TRAC","Gadus morhua","1977","USEC-NE","Gadidae","Gadiformes","Actinopterygii","benthopelagic"
"GeBank haddock TRAC","Melanogrammus aeglefinus","1968","USEC-NE","Gadidae","Gadiformes","Actinopterygii","demersal"
"GeBank winter flounder","Pseudopleuronectes americanus","1999","USEC-NE","Pleuronectidae","Pleuronectiformes","Actinopterygii","demersal"
"GeBank yellowtail flounder TRAC","Limanda ferruginea","1989","USEC-NE","Pleuronectidae","Pleuronectiformes","Actinopterygii","demersal"
"GeBank/GoMaine Acadian redfish","Sebastes fasciatus","1975","USEC-NE","Sebastidae","Scorpaeniformes","Actinopterygii","demersal"
"GeBank/GoMaine American plaice","Hippoglossoides platessoides","1992","USEC-NE","Pleuronectidae","Pleuronectiformes","Actinopterygii","demersal"
"GeBank/GoMaine Atlantic halibut","Hippoglossus hippoglossus","2008","USEC-NE","Pleuronectidae","Pleuronectiformes","Actinopterygii","demersal"
"GeBank/GoMaine Atlantic herring TRAC","Clupea harengus","1968","USEC-NE","Clupeidae","Clupeiformes","Actinopterygii","pelagic"
"GeBank/GoMaine Atlantic pollock","Pollachius virens","1978","USEC-NE","Gadidae","Gadiformes","Actinopterygii","benthopelagic"
"GeBank/GoMaine white hake","Urophycis tenuis","1995","USEC-NE","Phycidae","Gadiformes","Actinopterygii","demersal"
"GeBank/GoMaine windowpane flounder","Scophthalmus aquosus","only relative indices","USEC-NE","Scophthalmidae","Pleuronectiformes","Actinopterygii","demersal"
"GeBank/midAtl sea scallop","Placopecten magellanicus","1978","USEC-NE","Pectinidae","Ostreoida","Bivalvia","benthic"
"GOA arrowtooth flounder","Atheresthes stomias","1996","USWC-AK","Pleuronectidae","Pleuronectiformes","Actinopterygii","demersal"
"GOA atka mackerel","Pleurogrammus monopterygius","only relative indices","USWC-AK","Hexagrammidae","Scorpaeniformes","Actinopterygii","demersal"
"GOA dover sole","Microstomus pacificus","2003","USWC-AK","Pleuronectidae","Pleuronectiformes","Actinopterygii","demersal"
"GOA dusky rockfish","Sebastes variabilis","2003","USWC-AK","Sebastidae","Scorpaeniformes","Actinopterygii","demersal"
"GOA flathead sole","Hippoglossoides elassodon","2003","USWC-AK","Pleuronectidae","Pleuronectiformes","Actinopterygii","demersal"
"GOA northern rockfish","Sebastes polyspinis","2000","USWC-AK","Sebastidae","Scorpaeniformes","Actinopterygii","demersal"
"GOA Pacific cod","Gadus macrocephalus","1988","USWC-AK","Gadidae","Gadiformes","Actinopterygii","demersal"
"GOA Pacific ocean perch","Sebastes alutus","1990","USWC-AK","Sebastidae","Scorpaeniformes","Actinopterygii","demersal"
"GOA rex sole","Glyptocephalus zachirus","2004","USWC-AK","Pleuronectidae","Pleuronectiformes","Actinopterygii","demersal"
"GOA rougheye rockfish","Sebastes aleutianus","2005","USWC-AK","Sebastidae","Scorpaeniformes","Actinopterygii","demersal"
"GOA shortraker rockfish","Sebastes borealis","only relative indices","USWC-AK","Sebastidae","Scorpaeniformes","Actinopterygii","demersal"
"GOA walleye pollock","Theragra chalcogramma","1990","USWC-AK","Gadidae","Gadiformes","Actinopterygii","benthopelagic"
"GOA yelloweye rockfish","Sebastes ruberrimus","only relative indices","USWC-AK","Sebastidae","Scorpaeniformes","Actinopterygii","reef"
"GoMaine American lobster","Homarus americanus","1992","USEC-NE","Nephropidae","Decapoda","Malacostraca","benthic"
"GoMaine Atlantic cod","Gadus morhua","1989","USEC-NE","Gadidae","Gadiformes","Actinopterygii","benthopelagic"
"GoMaine haddock","Melanogrammus aeglefinus","1982","USEC-NE","Gadidae","Gadiformes","Actinopterygii","demersal"
"GoMaine winter flounder","Pseudopleuronectes americanus","2003","USEC-NE","Pleuronectidae","Pleuronectiformes","Actinopterygii","demersal"
"GoMaine witch flounder","Glyptocephalus cynoglossus","1994","USEC-NE","Pleuronectidae","Pleuronectiformes","Actinopterygii","demersal"
"GoMex blacktip shark","Carcharhinus limbatus","1998","USEC-SE","Carcharhinidae","Carcharhiniformes","Elasmobranchii","reef"
"GoMex brown shrimp","Penaeus aztecus ","1984","USEC-SE","Penaeidae","Decapoda","Malacostraca","benthic"
"GoMex gag grouper","Mycteroperca microlepis","1994","USEC-SE","Serranidae","Perciformes","Actinopterygii","reef"
"GoMex golden tilefish","Lopholatilus chamaeleonticeps","2011","USEC-SE","Malacanthidae","Perciformes","Actinopterygii","demersal"
"GoMex gray triggerfish","Balistes capriscus","2001","USEC-SE","Balistidae","Tetraodontiformes","Actinopterygii","reef"
"GoMex greater amberjack","Seriola dumerili","1995","USEC-SE","Carangidae","Perciformes","Actinopterygii","reef"
"GoMex Gulf menhaden","Brevoortia patronus","1972","USEC-SE","Clupeidae","Clupeiformes","Actinopterygii","pelagic"
"GoMex pink shrimp","Farfantepenaeus duorarum","1984","USEC-SE","Penaeidae","Decapoda","Malacostraca","benthic"
"GoMex red grouper","Epinephelus morio","1991","USEC-SE","Serranidae","Perciformes","Actinopterygii","reef"
"GoMex red snapper","Lutjanus campechanus","1988","USEC-SE","Lutjanidae","Perciformes","Actinopterygii","reef"
"GoMex Spanish mackerel","Scomberomorus maculatus","1996","USEC-SE","Scombridae","Perciformes","Actinopterygii","pelagic"
"GoMex vermilion snapper","Rhomboplites aurorubens","1998","USEC-SE","Lutjanidae","Perciformes","Actinopterygii","benthopelagic"
"GoMex white shrimp","Litopenaeus setiferus","1984","USEC-SE","Penaeidae","Decapoda","Malacostraca","benthic"
"GoMex yellowedge grouper","Epinephelus flavolimbatus","2011","USEC-SE","Serranidae","Perciformes","Actinopterygii","demersal"
"nGeBank/GoMaine monkfish","Lophius americanus","2002","USEC-NE","Lophiidae","Lophiiformes","Actinopterygii","demersal"
"nGeBank/GoMaine red hake","Urophycis chuss","only relative indices","USEC-NE","Phycidae","Gadiformes","Actinopterygii","demersal"
"nGeBank/GoMaine silver hake","Merluccius bilinearis","1978","USEC-NE","Merlucciidae","Gadiformes","Actinopterygii","benthopelagic"
"Norton Sound red king crab","Paralithodes camtschaticus","1996","USWC-AK","Lithodidae","Decapoda","Malacostraca","benthic"
"OR dungeness crab","Cancer magister","no published document","USWC-48","Cancridae","Decapoda","Malacostraca","benthic"
"OR ocean shrimp","Pandalus jordani","only relative indices","USWC-48","Pandalidae","Decapoda","Malacostraca","benthic"
"OR red sea urchin","Strongylocentrotus franciscanus","only relative indices","USWC-48","Strongylocentrotidae","Echinoida","Echinoidea","benthic"
"Pacific halibut (coastwide)","Hippoglossus stenolepis","1960","USWC-AK","Pleuronectidae","Pleuronectiformes","Actinopterygii","demersal"
"Pacific sanddab - Pacific Coast","Citharichthys sordidus","2013","USWC-48","Paralichthyidae","Pleuronectiformes","Actinopterygii","demersal"
"Rex sole - Pacific Coast","Glyptocephalus zachirus","2013","USWC-48","Pleuronectidae","Pleuronectiformes","Actinopterygii","demersal"
"Rougheye Rockfish - Pacific Coast","Sebastes aleutianus","2013","USWC-48","Sebastidae","Scorpaeniformes","Actinopterygii","demersal"
"Sandbar shark Atlantic","Carcharhinus plumbeus","1998","USEC-SE","Carcharhinidae","Carcharhiniformes","Elasmobranchii","benthopelagic"
"sAtl black sea bass","Centropristis striata","1995","USEC-SE","Serranidae","Perciformes","Actinopterygii","reef"
"sAtl blacknose shark","Carcharhinus acronotus","2002","USEC-SE","Carcharhinidae","Carcharhiniformes","Elasmobranchii","reef"
"sAtl gag grouper","Mycteroperca microlepis","1994","USEC-SE","Serranidae","Perciformes","Actinopterygii","reef"
"sAtl golden tilefish","Lopholatilus chamaeleonticeps","2004","USEC-SE","Malacanthidae","Perciformes","Actinopterygii","demersal"
"sAtl greater amberjack","Seriola dumerili","1999","USEC-SE","Carangidae","Perciformes","Actinopterygii","reef"
"sAtl red grouper","Epinephelus morio","2010","USEC-SE","Serranidae","Perciformes","Actinopterygii","reef"
"sAtl red porgy","Pagrus pagrus","1992","USEC-SE","Sparidae","Perciformes","Actinopterygii","benthopelagic"
"sAtl red snapper","Lutjanus campechanus","1998","USEC-SE","Lutjanidae","Perciformes","Actinopterygii","reef"
"sAtl snowy grouper","Epinephelus niveatus","2004","USEC-SE","Serranidae","Perciformes","Actinopterygii","demersal"
"sAtl Spanish mackerel","Scomberomorus maculatus","1996","USEC-SE","Scombridae","Perciformes","Actinopterygii","pelagic"
"sAtl vermilion snapper","Rhomboplites aurorubens","1998","USEC-SE","Lutjanidae","Perciformes","Actinopterygii","benthopelagic"
"SE Alaska dungeness crab","Cancer magister","only relative indices","USWC-AK","Cancridae","Decapoda","Malacostraca","benthic"
"SE Alaska red sea urchin","Strongylocentrotus franciscanus","1990","USWC-AK","Strongylocentrotidae","Echinoida","Echinoidea","benthic"
"sGeBank/midAtl monkfish","Lophius americanus","2002","USEC-NE","Lophiidae","Lophiiformes","Actinopterygii","demersal"
"sGeBank/midAtl red hake","Urophycis chuss","only relative indices","USEC-NE","Phycidae","Gadiformes","Actinopterygii","demersal"
"sGeBank/midAtl silver hake","Merluccius bilinearis","1978","USEC-NE","Merlucciidae","Gadiformes","Actinopterygii","benthopelagic"
"sNEng American lobster","Homarus americanus","1992","USEC-NE","Nephropidae","Decapoda","Malacostraca","benthic"
"sNEng/midAtl windowpane flounder","Scophthalmus aquosus","only relative indices","USEC-NE","Scophthalmidae","Pleuronectiformes","Actinopterygii","demersal"
"sNEng/midAtl winter flounder","Pseudopleuronectes americanus","1996","USEC-NE","Pleuronectidae","Pleuronectiformes","Actinopterygii","demersal"
"sNEng/midAtl yellowtail flounder","Limanda ferruginea","1989","USEC-NE","Pleuronectidae","Pleuronectiformes","Actinopterygii","demersal"
"St-Matthews blue king crab","Paralithodes platypus","1997","USWC-AK","Lithodidae","Decapoda","Malacostraca","benthic"
"USEC Atlantic croaker","Micropogonias undulatus","2003","USEC-SE","Sciaenidae","Perciformes","Actinopterygii","demersal"
"USEC Atlantic menhaden","Brevoortia tyrannus","1986","USEC-NE","Clupeidae","Clupeiformes","Actinopterygii","pelagic"
"USEC Atlantic surfclam","Spisula solidissima","1978","USEC-NE","Mactridae","Veneroida","Bivalvia","benthic"
"USEC bluefish","Pomatomus saltatrix","1994","USEC-NE","Pomatomidae","Perciformes","Actinopterygii","pelagic"
"USEC ocean quahog","Arctica islandica","1978","USEC-NE","Arcticidae","Veneroida","Bivalvia","benthic"
"USEC spiny dogfish","Squalus acanthias","1994","USEC-NE","Squalidae","Squaliformes","Elasmobranchii","benthopelagic"
"USEC striped bass","Morone saxatilis","1997","USEC-NE","Moronidae","Perciformes","Actinopterygii","demersal"
"USEC tautog","Tautoga onitis","1996","USEC-NE","Labridae","Perciformes","Actinopterygii","reef"
"USEC weakfish","Cynoscion regalis","1991","USEC-SE","Sciaenidae","Perciformes","Actinopterygii","benthopelagic"
"USEC-NE ALEWIFE","Alosa pseudoharengus",NA,"USEC-NE","Clupeidae","Clupeiformes","Actinopterygii","pelagic"
"USEC-NE BASS, ROCK","Ambloplites rupestris",NA,"USEC-NE","Centrarchidae","Perciformes","Actinopterygii","demersal"
"USEC-NE BASS, WHITE","Morone chrysops",NA,"USEC-NE","Moronidae","Perciformes","Actinopterygii","demersal"
"USEC-NE BLOODWORMS","Glycera dibranchiata",NA,"USEC-NE","Glyceridae","Phyllodocida","Polychaeta","pelagic"
"USEC-NE CARP, COMMON","Cyprinus carpio",NA,"USEC-NE","Cyprinidae","Cypriniformes","Actinopterygii","benthopelagic"
"USEC-NE CATFISH, BLUE","Ictalurus furcatus",NA,"USEC-NE","Ictaluridae","Siluriformes","Actinopterygii","demersal"
"USEC-NE CATFISH, CHANNEL","Ictalurus punctatus",NA,"USEC-NE","Ictaluridae","Siluriformes","Actinopterygii","benthopelagic"
"USEC-NE CHUBS","Coregonus",NA,"USEC-NE","Salmonidae","Salmoniformes","Actinopterygii","benthopelagic"
"USEC-NE CLAM, ARC, BLOOD","Anadara ovalis",NA,"USEC-NE","Arcidae","Arcoida","Bivalvia","benthic"
"USEC-NE CLAM, ATLANTIC JACKKNIFE","Ensis directus",NA,"USEC-NE","Pharidae","Veneroida","Bivalvia","benthic"
"USEC-NE CLAM, NORTHERN QUAHOG","Mercenaria mercenaria",NA,"USEC-NE","Veneridae","Veneroida","Bivalvia","benthic"
"USEC-NE CLAM, QUAHOG","Mercenaria",NA,"USEC-NE","Veneridae","Veneroida","Bivalvia","benthic"
"USEC-NE CLAM, SOFTSHELL","Mya arenaria",NA,"USEC-NE","Myidae","Myoida","Bivalvia","benthic"
"USEC-NE COBIA","Rachycentron canadum",NA,"USEC-NE","Rachycentridae","Perciformes","Actinopterygii","reef"
"USEC-NE CRAB, ATLANTIC ROCK","Cancer irroratus",NA,"USEC-NE","Cancridae","Decapoda","Malacostraca","demersal"
"USEC-NE CRAB, BLUE","Callinectes sapidus",NA,"USEC-NE","Portunidae","Decapoda","Malacostraca","demersal"
"USEC-NE CRAB, BLUE, PEELER","Callinectes sapidus",NA,"USEC-NE","Portunidae","Decapoda","Malacostraca","demersal"
"USEC-NE CRAB, BLUE, SOFT AND PEELER","Callinectes sapidus",NA,"USEC-NE","Portunidae","Decapoda","Malacostraca","demersal"
"USEC-NE CRAB, GREEN","Carcinus maenas",NA,"USEC-NE","Portunidae","Decapoda","Malacostraca","benthic"
"USEC-NE CRAB, JONAH","Cancer borealis",NA,"USEC-NE","Cancridae","Decapoda","Malacostraca","demersal"
"USEC-NE CRAPPIE","Pomoxis",NA,"USEC-NE","Centrarchidae","Perciformes","Actinopterygii","demersal"
"USEC-NE CUNNER","Tautogolabrus adspersus",NA,"USEC-NE","Labridae","Perciformes","Actinopterygii","reef"
"USEC-NE CUSK","Brosme brosme",NA,"USEC-NE","Lotidae","Gadiformes","Actinopterygii","demersal"
"USEC-NE DEALFISH","Trachipterus arcticus",NA,"USEC-NE","Trachipteridae","Lampriformes","Actinopterygii","bathy-"
"USEC-NE DOLPHINFISH","Coryphaena hippurus",NA,"USEC-NE","Coryphaenidae","Perciformes","Actinopterygii","pelagic"
"USEC-NE DORY, AMERICAN JOHN","Zenopsis ocellata",NA,"USEC-NE","Zeidae","Zeiformes","Actinopterygii","benthopelagic"
"USEC-NE DRUM, BLACK","Pogonias cromis",NA,"USEC-NE","Sciaenidae","Perciformes","Actinopterygii","demersal"
"USEC-NE DRUM, FRESHWATER","Aplodinotus grunniens",NA,"USEC-NE","Sciaenidae","Perciformes","Actinopterygii","demersal"
"USEC-NE DRUM, RED","Sciaenops ocellatus",NA,"USEC-NE","Sciaenidae","Perciformes","Actinopterygii","demersal"
"USEC-NE EEL, AMERICAN","Anguilla rostrata",NA,"USEC-NE","Anguillidae","Anguilliformes","Actinopterygii","demersal"
"USEC-NE EEL, CONGER","Conger oceanicus",NA,"USEC-NE","Congridae","Anguilliformes","Actinopterygii","demersal"
"USEC-NE FLOUNDER, FOURSPOT","Paralichthys oblongus",NA,"USEC-NE","Paralichthyidae","Pleuronectiformes","Actinopterygii","demersal"
"USEC-NE FLOUNDER,ATLANTIC,PLAICE","Hippoglossoides platessoides",NA,"USEC-NE","Pleuronectidae","Pleuronectiformes","Actinopterygii","demersal"
"USEC-NE HADDOCK","Melanogrammus aeglefinus",NA,"USEC-NE","Gadidae","Gadiformes","Actinopterygii","demersal"
"USEC-NE HAKE, ATLANTIC, RED/WHITE","Urophycis",NA,"USEC-NE","Phycidae","Gadiformes","Actinopterygii","demersal"
"USEC-NE HALIBUT, ATLANTIC","Hippoglossus hippoglossus",NA,"USEC-NE","Pleuronectidae","Pleuronectiformes","Actinopterygii","demersal"
"USEC-NE HALIBUT, GREENLAND","Reinhardtius hippoglossoides",NA,"USEC-NE","Pleuronectidae","Pleuronectiformes","Actinopterygii","benthopelagic"
"USEC-NE HARVESTFISH","Peprilus alepidotus",NA,"USEC-NE","Stromateidae","Perciformes","Actinopterygii","benthopelagic"
"USEC-NE HERRING, ATLANTIC THREAD","Opisthonema oglinum",NA,"USEC-NE","Clupeidae","Clupeiformes","Actinopterygii","reef"
"USEC-NE HERRING, BLUEBACK","Alosa aestivalis",NA,"USEC-NE","Clupeidae","Clupeiformes","Actinopterygii","pelagic"
"USEC-NE HERRING, SEA","Clupea",NA,"USEC-NE","Clupeidae","Clupeiformes","Actinopterygii","pelagic"
"USEC-NE KING WHITING","Menticirrhus",NA,"USEC-NE","Sciaenidae","Perciformes","Actinopterygii","demersal"
"USEC-NE LOBSTER, AMERICAN","Homarus americanus",NA,"USEC-NE","Nephropidae","Decapoda","Malacostraca","benthic"
"USEC-NE MACKEREL, CHUB","Scomber japonicus",NA,"USEC-NE","Scombridae","Perciformes","Actinopterygii","pelagic"
"USEC-NE MACKEREL, FRIGATE","Auxis thazard",NA,"USEC-NE","Scombridae","Perciformes","Actinopterygii","pelagic"
"USEC-NE MACKEREL, KING AND CERO","Scomberomorus",NA,"USEC-NE","Scombridae","Perciformes","Actinopterygii","reef"
"USEC-NE MUSSEL, BLUE","Mytilus edulis",NA,"USEC-NE","Mytilidae","Mytiloida","Bivalvia","reef"
"USEC-NE OYSTER, EASTERN","Crassostrea virginica",NA,"USEC-NE","Ostreidae","Ostreoida","Bivalvia","reef"
"USEC-NE OYSTER, EUROPEAN FLAT","Ostrea edulis",NA,"USEC-NE","Ostreidae","Ostreoida","Bivalvia","reef"
"USEC-NE PERCH, WHITE","Morone americana",NA,"USEC-NE","Moronidae","Perciformes","Actinopterygii","demersal"
"USEC-NE PERCH, YELLOW","Perca flavescens",NA,"USEC-NE","Percidae","Perciformes","Actinopterygii","benthopelagic"
"USEC-NE PIGFISH","Orthopristis chrysoptera",NA,"USEC-NE","Haemulidae","Perciformes","Actinopterygii","demersal"
"USEC-NE PIKE, BLUE","Stizostedion vitreum glaucum",NA,"USEC-NE","Percidae","Perciformes","Actinopterygii","demersal"
"USEC-NE POLLOCK","Pollachius virens",NA,"USEC-NE","Gadidae","Gadiformes","Actinopterygii","demersal"
"USEC-NE POUT, OCEAN","Macrozoarces americanus",NA,"USEC-NE","Zoarcidae","Perciformes","Actinopterygii","demersal"
"USEC-NE PUFFER, NOTHERN","Sphoeroides maculatus",NA,"USEC-NE","Tetraodontidae","Tetraodontiformes","Actinopterygii","demersal"
"USEC-NE RAY,COWNOSE","Rhinoptera bonasus",NA,"USEC-NE","Myliobatidae","Myliobatiformes","Elasmobranchii","benthopelagic"
"USEC-NE REDFISH, ACADIAN","Sebastes fasciatus",NA,"USEC-NE","Sebastidae","Scorpaeniformes","Actinopterygii","demersal"
"USEC-NE SAND PERCH","Diplectrum formosum",NA,"USEC-NE","Serranidae","Perciformes","Actinopterygii","reef"
"USEC-NE SCALLOP, BAY","Argopecten irradians",NA,"USEC-NE","Pectinidae","Ostreoida","Bivalvia","benthic"
"USEC-NE SCALLOP, ICELAND","Chlamys islandica",NA,"USEC-NE","Pectinidae","Ostreoida","Bivalvia","benthic"
"USEC-NE SEA URCHINS","Strongylocentrotus",NA,"USEC-NE","Strongylocentrotidae","Echinoida","Echinoidea","demersal"
"USEC-NE SHAD, AMERICAN","Alosa sapidissima",NA,"USEC-NE","Clupeidae","Clupeiformes","Actinopterygii","pelagic"
"USEC-NE SHAD, GIZZARD","Dorosoma cepedianum",NA,"USEC-NE","Clupeidae","Clupeiformes","Actinopterygii","pelagic"
"USEC-NE SHAD, HICKORY","Alosa mediocris",NA,"USEC-NE","Clupeidae","Clupeiformes","Actinopterygii","pelagic"
"USEC-NE SHARK, ATLANTIC SHARPNOSE","Rhizoprionodon terraenovae",NA,"USEC-NE","Carcharhinidae","Carcharhiniformes","Elasmobranchii","demersal"
"USEC-NE SHARK, BLACKTIP","Carcharhinus limbatus",NA,"USEC-NE","Carcharhinidae","Carcharhiniformes","Elasmobranchii","reef"
"USEC-NE SHARK, DUSKY","Carcharhinus obscurus",NA,"USEC-NE","Carcharhinidae","Carcharhiniformes","Elasmobranchii","reef"
"USEC-NE SHARK, LONGFIN MAKO","Isurus paucus",NA,"USEC-NE","Lamnidae","Lamniformes","Elasmobranchii","pelagic"
"USEC-NE SHARK, MAKOS","Isurus",NA,"USEC-NE","Lamnidae","Lamniformes","Elasmobranchii","pelagic"
"USEC-NE SHARK, PORBEAGLE","Lamna nasus",NA,"USEC-NE","Lamnidae","Lamniformes","Elasmobranchii","pelagic"
"USEC-NE SHARK, SAND TIGER","Carcharias taurus",NA,"USEC-NE","Odontaspididae","Lamniformes","Elasmobranchii","reef"
"USEC-NE SHARK, SHORTFIN MAKO","Isurus oxyrinchus",NA,"USEC-NE","Lamnidae","Lamniformes","Elasmobranchii","pelagic"
"USEC-NE SHARK, SMOOTH DOGFISH","Mustelus canis",NA,"USEC-NE","Triakidae","Carcharhiniformes","Elasmobranchii","demersal"
"USEC-NE SHARK, THRESHER","Alopias vulpinus",NA,"USEC-NE","Alopiidae","Lamniformes","Elasmobranchii","pelagic"
"USEC-NE SHEEPSHEAD","Archosargus probatocephalus",NA,"USEC-NE","Sparidae","Perciformes","Actinopterygii","reef"
"USEC-NE SHRIMP, ROYAL RED","Pleoticus robustus",NA,"USEC-NE","Solenoceridae","Decapoda","Malacostraca","demersal"
"USEC-NE SMELT, RAINBOW","Osmerus mordax",NA,"USEC-NE","Osmeridae","Osmeriformes","Actinopterygii","pelagic"
"USEC-NE SPOT","Leiostomus xanthurus",NA,"USEC-NE","Sciaenidae","Perciformes","Actinopterygii","demersal"
"USEC-NE TILEFISH, BLUELINE","Caulolatilus microps",NA,"USEC-NE","Malacanthidae","Perciformes","Actinopterygii","demersal"
"USEC-NE WALLEYE","Stizostedion vitreum vitreum",NA,"USEC-NE","Percidae","Perciformes","Actinopterygii","demersal"
"USEC-NE WHELK, CHANNELED","Busycotypus canaliculatus",NA,"USEC-NE","Melongenidae","Neogastropoda","Gastropoda","demersal"
"USEC-NE WHELK, KNOBBED","Busycon carica",NA,"USEC-NE","Melongenidae","Neogastropoda","Gastropoda","demersal"
"USEC-NE WHITEFISH, LAKE","Coregonus clupeaformis",NA,"USEC-NE","Salmonidae","Salmoniformes","Actinopterygii","demersal"
"USEC-NE WOLFFISH, ATLANTIC","Anarhichas lupus",NA,"USEC-NE","Anarhichadidae","Perciformes","Actinopterygii","demersal"
"USEC-SE ALEWIFE","Alosa pseudoharengus",NA,"USEC-SE","Clupeidae","Clupeiformes","Actinopterygii","pelagic"
"USEC-SE AMBERJACK","Seriola",NA,"USEC-SE","Carangidae","Perciformes","Actinopterygii","benthopelagic"
"USEC-SE BALLYHOO","Hemiramphus brasiliensis",NA,"USEC-SE","Hemiramphidae","Beloniformes","Actinopterygii","reef"
"USEC-SE BARRELFISH","Hyperoglyphe perciformis",NA,"USEC-SE","Centrolophidae","Perciformes","Actinopterygii","pelagic"
"USEC-SE BIGEYE","Priacanthus arenatus",NA,"USEC-SE","Priacanthidae","Perciformes","Actinopterygii","reef"
"USEC-SE BLACK DRIFTFISH","Hyperoglyphe bythites",NA,"USEC-SE","Centrolophidae","Perciformes","Actinopterygii","pelagic"
"USEC-SE BLUEFISH","Pomatomus saltatrix",NA,"USEC-SE","Pomatomidae","Perciformes","Actinopterygii","pelagic"
"USEC-SE BOWFIN","Amia calva",NA,"USEC-SE","Amiidae","Amiiformes","Actinopterygii","demersal"
"USEC-SE BROTULA, BEARDED","Brotula barbata",NA,"USEC-SE","Ophidiidae","Ophidiiformes","Actinopterygii","reef"
"USEC-SE BUFFALOFISHES","Ictiobus",NA,"USEC-SE","Catostomidae","Cypriniformes","Actinopterygii","demersal"
"USEC-SE BUTTERFISH","Peprilus",NA,"USEC-SE","Stromateidae","Perciformes","Actinopterygii","benthopelagic"
"USEC-SE CARP, COMMON","Cyprinus carpio",NA,"USEC-SE","Cyprinidae","Cypriniformes","Actinopterygii","benthopelagic"
"USEC-SE CARP, GRASS","Ctenopharyngodon idella",NA,"USEC-SE","Cyprinidae","Cypriniformes","Actinopterygii","demersal"
"USEC-SE CATFISH, BLUE","Ictalurus furcatus",NA,"USEC-SE","Ictaluridae","Siluriformes","Actinopterygii","demersal"
"USEC-SE CATFISH, CHANNEL","Ictalurus punctatus",NA,"USEC-SE","Ictaluridae","Siluriformes","Actinopterygii","benthopelagic"
"USEC-SE CATFISH, FLATHEAD","Pylodictis olivaris",NA,"USEC-SE","Ictaluridae","Siluriformes","Actinopterygii","demersal"
"USEC-SE CLAM, ATLANTIC RANGIA","Rangia cuneata",NA,"USEC-SE","Mactridae","Veneroida","Bivalvia","benthic"
"USEC-SE CLAM, NORTHERN QUAHOG","Mercenaria mercenaria",NA,"USEC-SE","Veneridae","Veneroida","Bivalvia","benthic"
"USEC-SE CLAM, QUAHOG","Mercenaria",NA,"USEC-SE","Veneridae","Veneroida","Bivalvia","benthic"
"USEC-SE CLAM, SUNRAY VENUS","Macrocallista nimbosa",NA,"USEC-SE","Veneridae","Veneroida","Bivalvia","benthic"
"USEC-SE COBIA","Rachycentron canadum",NA,"USEC-SE","Rachycentridae","Perciformes","Actinopterygii","reef"
"USEC-SE CONEY","Epinephelus fulvus",NA,"USEC-SE","Serranidae","Perciformes","Actinopterygii","reef"
"USEC-SE CRAB, BLUE","Callinectes sapidus",NA,"USEC-SE","Portunidae","Decapoda","Malacostraca","demersal"
"USEC-SE CRAB, BLUE, PEELER","Callinectes sapidus",NA,"USEC-SE","Portunidae","Decapoda","Malacostraca","demersal"
"USEC-SE CRAB, BLUE, SOFT","Callinectes sapidus",NA,"USEC-SE","Portunidae","Decapoda","Malacostraca","demersal"
"USEC-SE CRAB, BLUE, SOFT AND PEELER","Callinectes sapidus",NA,"USEC-SE","Portunidae","Decapoda","Malacostraca","demersal"
"USEC-SE CRAB, DEEPSEA GOLDEN","Chaceon fenneri",NA,"USEC-SE","Geryonidae","Decapoda","Malacostraca","benthic"
"USEC-SE CRAB, FLORIDA STONE CLAWS","Menippe mercenaria",NA,"USEC-SE","Menippidae","Decapoda","Malacostraca","demersal"
"USEC-SE CRAPPIE","Pomoxis",NA,"USEC-SE","Centrarchidae","Perciformes","Actinopterygii","demersal"
"USEC-SE CROAKER, ATLANTIC","Micropogonias undulatus",NA,"USEC-SE","Sciaenidae","Perciformes","Actinopterygii","demersal"
"USEC-SE CUTLASSFISH, ATLANTIC","Trichiurus lepturus",NA,"USEC-SE","Trichiuridae","Perciformes","Actinopterygii","benthopelagic"
"USEC-SE DOLPHINFISH","Coryphaena hippurus",NA,"USEC-SE","Coryphaenidae","Perciformes","Actinopterygii","pelagic"
"USEC-SE DRUM, BLACK","Pogonias cromis",NA,"USEC-SE","Sciaenidae","Perciformes","Actinopterygii","demersal"
"USEC-SE DRUM, FRESHWATER","Aplodinotus grunniens",NA,"USEC-SE","Sciaenidae","Perciformes","Actinopterygii","demersal"
"USEC-SE DRUM, RED","Sciaenops ocellatus",NA,"USEC-SE","Sciaenidae","Perciformes","Actinopterygii","demersal"
"USEC-SE EEL, AMERICAN","Anguilla rostrata",NA,"USEC-SE","Anguillidae","Anguilliformes","Actinopterygii","demersal"
"USEC-SE ESCOLAR","Lepidocybium flavobrunneum",NA,"USEC-SE","Gempylidae","Perciformes","Actinopterygii","benthopelagic"
"USEC-SE FLOUNDER, SOUTHERN","Paralichthys lethostigma",NA,"USEC-SE","Paralichthyidae","Pleuronectiformes","Actinopterygii","demersal"
"USEC-SE FLOUNDER, SUMMER","Paralichthys dentatus",NA,"USEC-SE","Paralichthyidae","Pleuronectiformes","Actinopterygii","demersal"
"USEC-SE FLOUNDER, YELLOWTAIL","Limanda ferruginea",NA,"USEC-SE","Pleuronectidae","Pleuronectiformes","Actinopterygii","demersal"
"USEC-SE GOOSEFISH","Lophius americanus",NA,"USEC-SE","Lophiidae","Lophiiformes","Actinopterygii","demersal"
"USEC-SE GROUPER, GOLIATH","Epinephelus itajara",NA,"USEC-SE","Serranidae","Perciformes","Actinopterygii","reef"
"USEC-SE GROUPER, MARBLED","Epinephelus inermis",NA,"USEC-SE","Serranidae","Perciformes","Actinopterygii","reef"
"USEC-SE GROUPER, SNOWY","Epinephelus niveatus",NA,"USEC-SE","Serranidae","Perciformes","Actinopterygii","demersal"
"USEC-SE GROUPER, WARSAW","Epinephelus nigritus",NA,"USEC-SE","Serranidae","Perciformes","Actinopterygii","demersal"
"USEC-SE GROUPER, YELLOWEDGE","Epinephelus flavolimbatus",NA,"USEC-SE","Serranidae","Perciformes","Actinopterygii","demersal"
"USEC-SE GROUPER, YELLOWFIN","Mycteroperca venenosa",NA,"USEC-SE","Serranidae","Perciformes","Actinopterygii","reef"
"USEC-SE GRUNT, WHITE","Haemulon plumieri",NA,"USEC-SE","Haemulidae","Perciformes","Actinopterygii","reef"
"USEC-SE HAKE, ATLANTIC, RED/WHITE","Urophycis",NA,"USEC-SE","Phycidae","Gadiformes","Actinopterygii","demersal"
"USEC-SE HARVESTFISH","Peprilus alepidotus",NA,"USEC-SE","Stromateidae","Perciformes","Actinopterygii","benthopelagic"
"USEC-SE HERRING, ATLANTIC THREAD","Opisthonema oglinum",NA,"USEC-SE","Clupeidae","Clupeiformes","Actinopterygii","reef"
"USEC-SE HIND, RED","Epinephelus guttatus",NA,"USEC-SE","Serranidae","Perciformes","Actinopterygii","reef"
"USEC-SE HIND, ROCK","Epinephelus adscensionis",NA,"USEC-SE","Serranidae","Perciformes","Actinopterygii","demersal"
"USEC-SE HIND, SPECKLED","Epinephelus drummondhayi",NA,"USEC-SE","Serranidae","Perciformes","Actinopterygii","demersal"
"USEC-SE HOGFISH","Lachnolaimus maximus",NA,"USEC-SE","Labridae","Perciformes","Actinopterygii","reef"
"USEC-SE JACK, ALMACO","Seriola rivoliana",NA,"USEC-SE","Carangidae","Perciformes","Actinopterygii","reef"
"USEC-SE JACK, BAR","Caranx ruber",NA,"USEC-SE","Carangidae","Perciformes","Actinopterygii","reef"
"USEC-SE JACK, CREVALLE","Caranx hippos",NA,"USEC-SE","Carangidae","Perciformes","Actinopterygii","reef"
"USEC-SE KING WHITING","Menticirrhus",NA,"USEC-SE","Sciaenidae","Perciformes","Actinopterygii","demersal"
"USEC-SE LADYFISH","Elops saurus",NA,"USEC-SE","Elopidae","Elopiformes","Actinopterygii","reef"
"USEC-SE LINGCOD","Ophiodon elongatus",NA,"USEC-SE","Hexagrammidae","Scorpaeniformes","Actinopterygii","demersal"
"USEC-SE LOBSTER, AMERICAN","Homarus americanus",NA,"USEC-SE","Nephropidae","Decapoda","Malacostraca","benthic"
"USEC-SE LOBSTER, CARIBBEAN SPINY","Panulirus argus",NA,"USEC-SE","Palinuridae","Decapoda","Malacostraca","demersal"
"USEC-SE LOOKDOWN","Selene vomer",NA,"USEC-SE","Carangidae","Perciformes","Actinopterygii","demersal"
"USEC-SE MACKEREL, CHUB","Scomber japonicus",NA,"USEC-SE","Scombridae","Perciformes","Actinopterygii","pelagic"
"USEC-SE MACKEREL, KING AND CERO","Scomberomorus",NA,"USEC-SE","Scombridae","Perciformes","Actinopterygii","reef"
"USEC-SE MARGATE","Haemulon album",NA,"USEC-SE","Haemulidae","Perciformes","Actinopterygii","reef"
"USEC-SE MOONFISH, ATLANTIC","Selene setapinnis",NA,"USEC-SE","Carangidae","Perciformes","Actinopterygii","benthopelagic"
"USEC-SE MULLET, WHITE","Mugil curema",NA,"USEC-SE","Mugilidae","Mugiliformes","Actinopterygii","reef"
"USEC-SE OILFISH","Ruvettus pretiosus",NA,"USEC-SE","Gempylidae","Perciformes","Actinopterygii","benthopelagic"
"USEC-SE OYSTER, EASTERN","Crassostrea virginica",NA,"USEC-SE","Ostreidae","Ostreoida","Bivalvia","reef"
"USEC-SE PADDLEFISH","Polyodon spathula",NA,"USEC-SE","Polyodontidae","Acipenseriformes","Actinopterygii","demersal"
"USEC-SE PERCH, WHITE","Morone americana",NA,"USEC-SE","Moronidae","Perciformes","Actinopterygii","demersal"
"USEC-SE PERCH, YELLOW","Perca flavescens",NA,"USEC-SE","Percidae","Perciformes","Actinopterygii","benthopelagic"
"USEC-SE PERMIT","Trachinotus falcatus",NA,"USEC-SE","Carangidae","Perciformes","Actinopterygii","reef"
"USEC-SE PIGFISH","Orthopristis chrysoptera",NA,"USEC-SE","Haemulidae","Perciformes","Actinopterygii","demersal"
"USEC-SE PINFISH","Lagodon rhomboides",NA,"USEC-SE","Sparidae","Perciformes","Actinopterygii","demersal"
"USEC-SE PINFISH, SPOTTAIL","Diplodus holbrookii",NA,"USEC-SE","Sparidae","Perciformes","Actinopterygii","demersal"
"USEC-SE POMPANO, FLORIDA","Trachinotus carolinus",NA,"USEC-SE","Carangidae","Perciformes","Actinopterygii","benthopelagic"
"USEC-SE PORGY, KNOBBED","Calamus nodosus",NA,"USEC-SE","Sparidae","Perciformes","Actinopterygii","reef"
"USEC-SE PORGY, RED","Pagrus pagrus",NA,"USEC-SE","Sparidae","Perciformes","Actinopterygii","benthopelagic"
"USEC-SE PUFFER, NOTHERN","Sphoeroides maculatus",NA,"USEC-SE","Tetraodontidae","Tetraodontiformes","Actinopterygii","demersal"
"USEC-SE ROSEFISH, BLACKBELLY","Helicolenus dactylopterus",NA,"USEC-SE","Sebastidae","Scorpaeniformes","Actinopterygii","bathy-"
"USEC-SE RUDDERFISH, BANDED","Seriola zonata",NA,"USEC-SE","Carangidae","Perciformes","Actinopterygii","benthopelagic"
"USEC-SE RUNNER, BLUE","Caranx crysos",NA,"USEC-SE","Carangidae","Perciformes","Actinopterygii","reef"
"USEC-SE SAND PERCH","Diplectrum formosum",NA,"USEC-SE","Serranidae","Perciformes","Actinopterygii","reef"
"USEC-SE SARDINE, SPANISH","Sardinella aurita",NA,"USEC-SE","Clupeidae","Clupeiformes","Actinopterygii","reef"
"USEC-SE SCAD, BIGEYE","Selar crumenophthalmus",NA,"USEC-SE","Carangidae","Perciformes","Actinopterygii","reef"
"USEC-SE SCADS","Decapterus",NA,"USEC-SE","Carangidae","Perciformes","Actinopterygii","pelagic"
"USEC-SE SCALLOP, BAY","Argopecten irradians",NA,"USEC-SE","Pectinidae","Ostreoida","Bivalvia","benthic"
"USEC-SE SCALLOP, CALICO","Argopecten gibbus",NA,"USEC-SE","Pectinidae","Ostreoida","Bivalvia","benthic"
"USEC-SE SCAMP","Mycteroperca phenax",NA,"USEC-SE","Serranidae","Perciformes","Actinopterygii","reef"
"USEC-SE SEA BASS, BLACK","Centropristis striata",NA,"USEC-SE","Serranidae","Perciformes","Actinopterygii","reef"
"USEC-SE SEA BASS, ROCK","Centropristis philadelphica",NA,"USEC-SE","Serranidae","Perciformes","Actinopterygii","reef"
"USEC-SE SHAD, AMERICAN","Alosa sapidissima",NA,"USEC-SE","Clupeidae","Clupeiformes","Actinopterygii","pelagic"
"USEC-SE SHAD, GIZZARD","Dorosoma cepedianum",NA,"USEC-SE","Clupeidae","Clupeiformes","Actinopterygii","pelagic"
"USEC-SE SHAD, HICKORY","Alosa mediocris",NA,"USEC-SE","Clupeidae","Clupeiformes","Actinopterygii","pelagic"
"USEC-SE SHARK, ATLANTIC SHARPNOSE","Rhizoprionodon terraenovae",NA,"USEC-SE","Carcharhinidae","Carcharhiniformes","Elasmobranchii","demersal"
"USEC-SE SHARK, BLACKNOSE","Carcharhinus acronotus",NA,"USEC-SE","Carcharhinidae","Carcharhiniformes","Elasmobranchii","reef"
"USEC-SE SHARK, BLACKTIP","Carcharhinus limbatus",NA,"USEC-SE","Carcharhinidae","Carcharhiniformes","Elasmobranchii","reef"
"USEC-SE SHARK, BLUE","Prionace glauca",NA,"USEC-SE","Carcharhinidae","Carcharhiniformes","Elasmobranchii","pelagic"
"USEC-SE SHARK, BULL","Carcharhinus leucas",NA,"USEC-SE","Carcharhinidae","Carcharhiniformes","Elasmobranchii","reef"
"USEC-SE SHARK, DUSKY","Carcharhinus obscurus",NA,"USEC-SE","Carcharhinidae","Carcharhiniformes","Elasmobranchii","reef"
"USEC-SE SHARK, LEMON","Negaprion brevirostris",NA,"USEC-SE","Carcharhinidae","Carcharhiniformes","Elasmobranchii","reef"
"USEC-SE SHARK, LONGFIN MAKO","Isurus paucus",NA,"USEC-SE","Lamnidae","Lamniformes","Elasmobranchii","pelagic"
"USEC-SE SHARK, SHORTFIN MAKO","Isurus oxyrinchus",NA,"USEC-SE","Lamnidae","Lamniformes","Elasmobranchii","pelagic"
"USEC-SE SHARK, SMOOTH DOGFISH","Mustelus canis",NA,"USEC-SE","Triakidae","Carcharhiniformes","Elasmobranchii","demersal"
"USEC-SE SHARK, SPINNER","Carcharhinus brevipinna",NA,"USEC-SE","Carcharhinidae","Carcharhiniformes","Elasmobranchii","reef"
"USEC-SE SHARK, THRESHER","Alopias vulpinus",NA,"USEC-SE","Alopiidae","Lamniformes","Elasmobranchii","pelagic"
"USEC-SE SHARK, TIGER","Galeocerdo cuvier",NA,"USEC-SE","Carcharhinidae","Carcharhiniformes","Elasmobranchii","benthopelagic"
"USEC-SE SHEEPSHEAD","Archosargus probatocephalus",NA,"USEC-SE","Sparidae","Perciformes","Actinopterygii","reef"
"USEC-SE SHRIMP, BROWN","Farfantepenaeus aztecus",NA,"USEC-SE","Penaeidae","Decapoda","Malacostraca","benthic"
"USEC-SE SHRIMP, PINK","Farfantepenaeus duorarum",NA,"USEC-SE","Penaeidae","Decapoda","Malacostraca","demersal"
"USEC-SE SHRIMP, ROYAL RED","Pleoticus robustus",NA,"USEC-SE","Solenoceridae","Decapoda","Malacostraca","demersal"
"USEC-SE SHRIMP, SEABOB","Xiphopenaeus kroyeri",NA,"USEC-SE","Penaeidae","Decapoda","Malacostraca","demersal"
"USEC-SE SHRIMP, WHITE","Litopenaeus setiferus",NA,"USEC-SE","Penaeidae","Decapoda","Malacostraca","demersal"
"USEC-SE SHRIMP,ATLANTIC & GULF,ROUGHNECK","Trachypenaeus",NA,"USEC-SE","Penaeidae","Decapoda","Malacostraca","pelagic"
"USEC-SE SKIPPERS","Tylosurus",NA,"USEC-SE","Belonidae","Beloniformes","Actinopterygii","reef"
"USEC-SE SNAPPER, BLACK","Apsilus dentatus",NA,"USEC-SE","Lutjanidae","Perciformes","Actinopterygii","reef"
"USEC-SE SNAPPER, GRAY","Lutjanus griseus",NA,"USEC-SE","Lutjanidae","Perciformes","Actinopterygii","reef"
"USEC-SE SNAPPER, LANE","Lutjanus synagris",NA,"USEC-SE","Lutjanidae","Perciformes","Actinopterygii","reef"
"USEC-SE SNAPPER, QUEEN","Etelis oculatus",NA,"USEC-SE","Lutjanidae","Perciformes","Actinopterygii","bathy-"
"USEC-SE SNAPPER, SILK","Lutjanus vivanus",NA,"USEC-SE","Lutjanidae","Perciformes","Actinopterygii","reef"
"USEC-SE SNOOK","Centropomus undecimalis",NA,"USEC-SE","Centropomidae","Perciformes","Actinopterygii","reef"
"USEC-SE SPOT","Leiostomus xanthurus",NA,"USEC-SE","Sciaenidae","Perciformes","Actinopterygii","demersal"
"USEC-SE TILAPIAS","Tilapia",NA,"USEC-SE","Cichlidae","Perciformes","Actinopterygii","benthopelagic"
"USEC-SE TILEFISH, BLUELINE","Caulolatilus microps",NA,"USEC-SE","Malacanthidae","Perciformes","Actinopterygii","demersal"
"USEC-SE TILEFISH, GOLDFACE","Caulolatilus chrysops",NA,"USEC-SE","Malacanthidae","Perciformes","Actinopterygii","demersal"
"USEC-SE TRIGGERFISH, GRAY","Balistes capriscus",NA,"USEC-SE","Balistidae","Tetraodontiformes","Actinopterygii","reef"
"USEC-SE TRIPLETAIL","Lobotes surinamensis",NA,"USEC-SE","Lobotidae","Perciformes","Actinopterygii","benthopelagic"
"USEC-SE WAHOO","Acanthocybium solandri",NA,"USEC-SE","Scombridae","Perciformes","Actinopterygii","pelagic"
"USEC-SE WEAKFISH","Cynoscion regalis",NA,"USEC-SE","Sciaenidae","Perciformes","Actinopterygii","demersal"
"USEC-SE WENCHMAN","Pristipomoides aquilonaris",NA,"USEC-SE","Lutjanidae","Perciformes","Actinopterygii","demersal"
"USEC-SE WHELK, KNOBBED","Busycon carica",NA,"USEC-SE","Melongenidae","Neogastropoda","Gastropoda","demersal"
"USEC-SE WRECKFISH","Polyprion americanus",NA,"USEC-SE","Polyprionidae","Perciformes","Actinopterygii","demersal"
"USNE Atlantic mackerel TRAC","Scomber scombrus","1977","USEC-NE","Scombridae","Perciformes","Actinopterygii","pelagic"
"USNE Atlantic wolffish","Anarhichas lupus","2008","USEC-NE","Anarhichadidae","Perciformes","Actinopterygii","demersal"
"USNE black sea bass","Centropristis striata","1994","USEC-NE","Serranidae","Perciformes","Actinopterygii","reef"
"USNE butterfish","Peprilus triacanthus","1983","USEC-NE","Stromateidae","Perciformes","Actinopterygii","benthopelagic"
"USNE deep sea red crab","Chaceon quinquedens","1977","USEC-NE","Geryonidae","Decapoda","Malacostraca","benthic"
"USNE golden tilefish","Lopholatilus chamaeleonticeps","1993","USEC-NE","Malacanthidae","Perciformes","Actinopterygii","demersal"
"USNE little skate","Leucoraja erinacea","only relative indices","USEC-NE","Rajidae","Rajiformes","Elasmobranchii","demersal"
"USNE northern shortfin squid","Illex illecebrosus","1986","USEC-NE","Ommastrephidae","Teuthida","Cephalopoda","pelagic"
"USNE ocean pout","Zoarces americanus","only relative indices","USEC-NE","Zoarcidae","Perciformes","Actinopterygii","demersal"
"USNE offshore hake","Merluccius albidus","minimal information","USEC-NE","Merlucciidae","Gadiformes","Actinopterygii","benthopelagic"
"USNE scup","Stenotomus chrysops","1995","USEC-SE","Sparidae","Perciformes","Actinopterygii","demersal"
"USNE smooth skate","Malacoraja senta","only relative indices","USEC-NE","Rajidae","Rajiformes","Elasmobranchii","demersal"
"USNE summer flounder","Paralichthys dentatus","1990","USEC-NE","Paralichthyidae","Pleuronectiformes","Actinopterygii","demersal"
"USNE thorny skate","Amblyraja radiata","only relative indices","USEC-NE","Rajidae","Rajiformes","Elasmobranchii","demersal"
"USSE Atlantic sharpnose shark","Rhizoprionodon terraenovae","2002","USEC-SE","Carcharhinidae","Carcharhiniformes","Elasmobranchii","demersal"
"USSE black grouper","Mycteroperca bonaci","2010","USEC-SE","Serranidae","Perciformes","Actinopterygii","reef"
"USSE bonnethead shark","Sphyrna tiburo","2002","USEC-SE","Sphyrnidae","Carcharhiniformes","Elasmobranchii","reef"
"USSE finetooth shark","Carcharhinus isodon","2002","USEC-SE","Carcharhinidae","Carcharhiniformes","Elasmobranchii","demersal"
"USSE mutton snapper","Lutjanus analis","2008","USEC-SE","Lutjanidae","Perciformes","Actinopterygii","reef"
"USSE yellowtail snapper","Ocyurus chrysurus","2003","USEC-SE","Lutjanidae","Perciformes","Actinopterygii","reef"
"USWC arrowtooth flounder","Atheresthes stomias","2007","USWC-48","Pleuronectidae","Pleuronectiformes","Actinopterygii","demersal"
"USWC black rockfish (southern)","Sebastes melanops","2003","USWC-48","Sebastidae","Scorpaeniformes","Actinopterygii","reef"
"USWC blackgill rockfish","Sebastes melanostomus","2005","USWC-48","Sebastidae","Scorpaeniformes","Actinopterygii","demersal"
"USWC blue rockfish","Sebastes mystinus","2007","USWC-48","Sebastidae","Scorpaeniformes","Actinopterygii","reef"
"USWC bocaccio (southern)","Sebastes paucispinis","1990","USWC-48","Sebastidae","Scorpaeniformes","Actinopterygii","reef"
"USWC cabezon (nCal)","Scorpaenichthys marmoratus","2003","USWC-48","Cottidae","Scorpaeniformes","Actinopterygii","demersal"
"USWC cabezon (OR)","Scorpaenichthys marmoratus","2009","USWC-48","Cottidae","Scorpaeniformes","Actinopterygii","demersal"
"USWC cabezon (sCal)","Scorpaenichthys marmoratus","2003","USWC-48","Cottidae","Scorpaeniformes","Actinopterygii","demersal"
"USWC California scorpionfish (southern)","Scorpaena guttata","2005","USWC-48","Scorpaenidae","Scorpaeniformes","Actinopterygii","demersal"
"USWC canary rockfish","Sebastes pinniger","1990","USWC-48","Sebastidae","Scorpaeniformes","Actinopterygii","reef"
"USWC chilipepper (southern)","Sebastes goodei","1985","USWC-48","Sebastidae","Scorpaeniformes","Actinopterygii","demersal"
"USWC cowcod","Sebastes levis","1999","USWC-48","Sebastidae","Scorpaeniformes","Actinopterygii","demersal"
"USWC darkblotched rockfish","Sebastes crameri","2000","USWC-48","Sebastidae","Scorpaeniformes","Actinopterygii","demersal"
"USWC dover sole","Microstomus pacificus","1984","USWC-48","Pleuronectidae","Pleuronectiformes","Actinopterygii","demersal"
"USWC English sole","Parophrys vetulus","1985","USWC-48","Pleuronectidae","Pleuronectiformes","Actinopterygii","demersal"
"USWC gopher rockfish","Sebastes carnatus","2005","USWC-48","Sebastidae","Scorpaeniformes","Actinopterygii","demersal"
"USWC greenspotted rockfish (northern)","Sebastes chlorostictus","2011","USWC-48","Sebastidae","Scorpaeniformes","Actinopterygii","demersal"
"USWC greenspotted rockfish (southern)","Sebastes chlorostictus","2011","USWC-48","Sebastidae","Scorpaeniformes","Actinopterygii","demersal"
"USWC lingcod (northern)","Ophiodon elongatus","1994","USWC-48","Hexagrammidae","Scorpaeniformes","Actinopterygii","demersal"
"USWC lingcod (southern)","Ophiodon elongatus","1999","USWC-48","Hexagrammidae","Scorpaeniformes","Actinopterygii","demersal"
"USWC longnose skate","Raja rhina","2007","USWC-48","Rajidae","Rajiformes","Elasmobranchii","demersal"
"USWC market squid","Loligo opalescens","2001","USWC-48","Loliginidae","Teuthida","Cephalopoda","pelagic"
"USWC Pacific cod","Gadus macrocephalus","no published document","USWC-48","Gadidae","Gadiformes","Actinopterygii","demersal"
"USWC Pacific mackerel","Scomber japonicus","2004","USWC-48","Scombridae","Perciformes","Actinopterygii","pelagic"
"USWC Pacific ocean perch","Sebastes alutus","1972","USWC-48","Sebastidae","Scorpaeniformes","Actinopterygii","demersal"
"USWC Pacific sardine","Sardinops sagax","1996","USWC-48","Clupeidae","Clupeiformes","Actinopterygii","pelagic"
"USWC petrale sole","Eopsetta jordani","1984","USWC-48","Pleuronectidae","Pleuronectiformes","Actinopterygii","demersal"
"USWC sablefish","Anoplopoma fimbria","1984","USWC-48","Anoplopomatidae","Scorpaeniformes","Actinopterygii","demersal"
"USWC shortspine thornyhead","Sebastolobus alascanus","1990","USWC-48","Sebastidae","Scorpaeniformes","Actinopterygii","demersal"
"USWC spiny dogfish","Squalus acanthias","2011","USWC-48","Squalidae","Squaliformes","Elasmobranchii","benthopelagic"
"USWC splitnose rockfish","Sebastes diploproa","2009","USWC-48","Sebastidae","Scorpaeniformes","Actinopterygii","demersal"
"USWC starry flounder (northern)","Platichthys stellatus","2005","USWC-48","Pleuronectidae","Pleuronectiformes","Actinopterygii","demersal"
"USWC starry flounder (southern)","Platichthys stellatus","2005","USWC-48","Pleuronectidae","Pleuronectiformes","Actinopterygii","demersal"
"USWC widow rockfish","Sebastes entomelas","1983","USWC-48","Sebastidae","Scorpaeniformes","Actinopterygii","pelagic"
"USWC yelloweye rockfish","Sebastes ruberrimus","2001","USWC-48","Sebastidae","Scorpaeniformes","Actinopterygii","reef"
"USWC yellowtail rockfish (northern)","Sebastes flavidus","1984","USWC-48","Sebastidae","Scorpaeniformes","Actinopterygii","reef"
"USWC-48 ANCHOVY, NORTHERN","Engraulis mordax",NA,"USWC-48","Engraulidae","Clupeiformes","Actinopterygii","pelagic"
"USWC-48 BASS, STRIPED","Morone saxatilis",NA,"USWC-48","Moronidae","Perciformes","Actinopterygii","demersal"
"USWC-48 BLACKSMITH","Chromis punctipinnis",NA,"USWC-48","Pomacentridae","Perciformes","Actinopterygii","reef"
"USWC-48 CARP, COMMON","Cyprinus carpio",NA,"USWC-48","Cyprinidae","Cypriniformes","Actinopterygii","benthopelagic"
"USWC-48 CLAM, BUTTER","Saxidomus giganteus",NA,"USWC-48","Veneridae","Veneroida","Bivalvia","benthic"
"USWC-48 CLAM, PACIFIC LITTLENECK","Protothaca staminea",NA,"USWC-48","Veneridae","Veneroida","Bivalvia","benthic"
"USWC-48 CLAM, PACIFIC RAZOR","Siliqua patula",NA,"USWC-48","Pharidae","Veneroida","Bivalvia","benthic"
"USWC-48 CLAM, PACIFIC, GAPER","Tresus",NA,"USWC-48","Mactridae","Veneroida","Bivalvia","benthic"
"USWC-48 CLAM, QUAHOG","Mercenaria",NA,"USWC-48","Veneridae","Veneroida","Bivalvia","benthic"
"USWC-48 CLAM, SOFTSHELL","Mya arenaria",NA,"USWC-48","Myidae","Myoida","Bivalvia","benthic"
"USWC-48 COCKLE, NUTTALL","Clinocardium nuttallii",NA,"USWC-48","Cardiidae","Veneroida","Bivalvia","benthic"
"USWC-48 CRAB, RED PA","Podophthalmus vigil",NA,"USWC-48","Portunidae","Decapoda","Malacostraca","benthic"
"USWC-48 CRAB, RED ROCK","Cancer productus",NA,"USWC-48","Cancridae","Decapoda","Malacostraca","benthic"
"USWC-48 CRAB, SOUTHERN TANNER","Chionoecetes bairdi",NA,"USWC-48","Oregoniidae","Decapoda","Malacostraca","benthic"
"USWC-48 CROAKER, PACIFIC WHITE","Genyonemus lineatus",NA,"USWC-48","Sciaenidae","Perciformes","Actinopterygii","benthopelagic"
"USWC-48 DOLPHINFISH","Coryphaena hippurus",NA,"USWC-48","Coryphaenidae","Perciformes","Actinopterygii","pelagic"
"USWC-48 HALFMOON","Medialuna californiensis",NA,"USWC-48","Kyphosidae","Perciformes","Actinopterygii","demersal"
"USWC-48 HALIBUT, CALIFORNIA","Paralichthys californicus",NA,"USWC-48","Paralichthyidae","Pleuronectiformes","Actinopterygii","demersal"
"USWC-48 HALIBUT, PACIFIC","Hippoglossus stenolepis",NA,"USWC-48","Pleuronectidae","Pleuronectiformes","Actinopterygii","demersal"
"USWC-48 HERRING, PACIFIC","Clupea pallasii",NA,"USWC-48","Clupeidae","Clupeiformes","Actinopterygii","pelagic"
"USWC-48 HERRING, ROUND","Etrumeus teres",NA,"USWC-48","Dussumieriidae","Clupeiformes","Actinopterygii","pelagic"
"USWC-48 JACK MACKEREL","Trachurus symmetricus",NA,"USWC-48","Carangidae","Perciformes","Actinopterygii","pelagic"
"USWC-48 LAMPREY, PACIFIC","Lampetra tridentata",NA,"USWC-48","Petromyzontidae","Petromyzontiformes","Cephalaspidomorphi","demersal"
"USWC-48 LAMPREY, SEA","Petromyzon marinus",NA,"USWC-48","Petromyzontidae","Petromyzontiformes","Cephalaspidomorphi","demersal"
"USWC-48 MUSSEL, BLUE","Mytilus edulis",NA,"USWC-48","Mytilidae","Mytiloida","Bivalvia","reef"
"USWC-48 MUSSEL, CALIFORNIA","Mytilus californianus",NA,"USWC-48","Mytilidae","Mytiloida","Bivalvia","reef"
"USWC-48 OPALEYE","Girella nigricans",NA,"USWC-48","Kyphosidae","Perciformes","Actinopterygii","benthopelagic"
"USWC-48 OYSTER, EASTERN","Crassostrea virginica",NA,"USWC-48","Ostreidae","Ostreoida","Bivalvia","reef"
"USWC-48 OYSTER, EUROPEAN FLAT","Ostrea edulis",NA,"USWC-48","Ostreidae","Ostreoida","Bivalvia","reef"
"USWC-48 OYSTER, OLYMPIA","Ostrea lurida",NA,"USWC-48","Ostreidae","Ostreoida","Bivalvia","benthic"
"USWC-48 OYSTER, PACIFIC","Crassostrea gigas",NA,"USWC-48","Ostreidae","Ostreoida","Bivalvia","reef"
"USWC-48 POLLOCK, WALLEYE","Theragra chalcogramma",NA,"USWC-48","Gadidae","Gadiformes","Actinopterygii","benthopelagic"
"USWC-48 POMPANO, FLORIDA","Trachinotus carolinus",NA,"USWC-48","Carangidae","Perciformes","Actinopterygii","benthopelagic"
"USWC-48 POMPANO, PACIFIC","Peprilus simillimus",NA,"USWC-48","Stromateidae","Perciformes","Actinopterygii","benthopelagic"
"USWC-48 QUEENFISH","Seriphus politus",NA,"USWC-48","Sciaenidae","Perciformes","Actinopterygii","demersal"
"USWC-48 RATFISH SPOTTED","Hydrolagus colliei",NA,"USWC-48","Chimaeridae","Chimaeriformes","Holocephali","demersal"
"USWC-48 ROCK BASSES, PACIFIC","Paralabrax",NA,"USWC-48","Serranidae","Perciformes","Actinopterygii","reef"
"USWC-48 ROCKFISH, BANK","Sebastes rufus",NA,"USWC-48","Sebastidae","Scorpaeniformes","Actinopterygii","demersal"
"USWC-48 ROCKFISH, BLACK-AND-YELLOW","Sebastes chrysomelas",NA,"USWC-48","Sebastidae","Scorpaeniformes","Actinopterygii","demersal"
"USWC-48 ROCKFISH, BLUE","Sebastes mystinus",NA,"USWC-48","Sebastidae","Scorpaeniformes","Actinopterygii","reef"
"USWC-48 ROCKFISH, CHINA","Sebastes nebulosus",NA,"USWC-48","Sebastidae","Scorpaeniformes","Actinopterygii","reef"
"USWC-48 ROCKFISH, GOPHER","Sebastes carnatus",NA,"USWC-48","Sebastidae","Scorpaeniformes","Actinopterygii","demersal"
"USWC-48 ROCKFISH, GRASS","Sebastes rastrelliger",NA,"USWC-48","Sebastidae","Scorpaeniformes","Actinopterygii","demersal"
"USWC-48 ROCKFISH, SHORTBELLY","Sebastes jordani",NA,"USWC-48","Sebastidae","Scorpaeniformes","Actinopterygii","demersal"
"USWC-48 ROCKFISH, STARRY","Sebastes constellatus",NA,"USWC-48","Sebastidae","Scorpaeniformes","Actinopterygii","reef"
"USWC-48 ROCKFISH, VERMILION","Sebastes miniatus",NA,"USWC-48","Sebastidae","Scorpaeniformes","Actinopterygii","reef"
"USWC-48 SACRAMENTO BLACKFISH","Orthodon microlepidotus",NA,"USWC-48","Cyprinidae","Cypriniformes","Actinopterygii","benthopelagic"
"USWC-48 SAND PERCH","Diplectrum formosum",NA,"USWC-48","Serranidae","Perciformes","Actinopterygii","reef"
"USWC-48 SEA BASS, GIANT","Stereolepis gigas",NA,"USWC-48","Polyprionidae","Perciformes","Actinopterygii","demersal"
"USWC-48 SEABASS, WHITE","Atractoscion nobilis",NA,"USWC-48","Sciaenidae","Perciformes","Actinopterygii","demersal"
"USWC-48 SHAD, AMERICAN","Alosa sapidissima",NA,"USWC-48","Clupeidae","Clupeiformes","Actinopterygii","pelagic"
"USWC-48 SHARK, BIGEYE THRESHER","Alopias superciliosus",NA,"USWC-48","Alopiidae","Lamniformes","Elasmobranchii","pelagic"
"USWC-48 SHARK, BLUE","Prionace glauca",NA,"USWC-48","Carcharhinidae","Carcharhiniformes","Elasmobranchii","pelagic"
"USWC-48 SHARK, LEOPARD","Triakis semifasciata",NA,"USWC-48","Triakidae","Carcharhiniformes","Elasmobranchii","demersal"
"USWC-48 SHARK, PACIFIC ANGEL","Squatina californica",NA,"USWC-48","Squatinidae","Squatiniformes","Elasmobranchii","demersal"
"USWC-48 SHARK, SHORTFIN MAKO","Isurus oxyrinchus",NA,"USWC-48","Lamnidae","Lamniformes","Elasmobranchii","pelagic"
"USWC-48 SHARK, SOUPFIN","Galeorhinus zyopterus",NA,"USWC-48","Triakidae","Carcharhiniformes","Elasmobranchii","benthopelagic"
"USWC-48 SHARK, THRESHER","Alopias vulpinus",NA,"USWC-48","Alopiidae","Lamniformes","Elasmobranchii","pelagic"
"USWC-48 SHEEPHEAD, CALIFORNIA","Semicossyphus pulcher",NA,"USWC-48","Labridae","Perciformes","Actinopterygii","reef"
"USWC-48 SHRIMP, BLUE MUD","Upogebia pugettensis",NA,"USWC-48","Upogebiidae","Decapoda","Malacostraca","demersal"
"USWC-48 SHRIMP, BRINE","Artemia salina",NA,"USWC-48","Artemiidae","Anostraca","Branchiopoda","pelagic"
"USWC-48 SHRIMP, OCEAN","Pandalus jordani",NA,"USWC-48","Pandalidae","Decapoda","Malacostraca","benthic"
"USWC-48 SHRIMP, PACIFIC ROCK","Sicyonia ingentis",NA,"USWC-48","Sicyoniidae","Decapoda","Malacostraca","demersal"
"USWC-48 SHRIMP, SPOT","Pandalus platyceros",NA,"USWC-48","Pandalidae","Decapoda","Malacostraca","benthic"
"USWC-48 SKATE, BIG","Raja binoculata",NA,"USWC-48","Rajidae","Rajiformes","Elasmobranchii","demersal"
"USWC-48 SMELT, EULACHON","Thaleichthys pacificus",NA,"USWC-48","Osmeridae","Osmeriformes","Actinopterygii","pelagic"
"USWC-48 SMELT, WHITEBAIT","Allosmerus elongatus",NA,"USWC-48","Osmeridae","Osmeriformes","Actinopterygii","demersal"
"USWC-48 SOLE, BUTTER","Isopsetta isolepis",NA,"USWC-48","Pleuronectidae","Pleuronectiformes","Actinopterygii","demersal"
"USWC-48 SOLE, FLATHEAD","Hippoglossoides elassodon",NA,"USWC-48","Pleuronectidae","Pleuronectiformes","Actinopterygii","demersal"
"USWC-48 SOLE, ROCK","Paraplagusia bilineata",NA,"USWC-48","Cynoglossidae","Pleuronectiformes","Actinopterygii","demersal"
"USWC-48 SOLE, SAND","Psettichthys melanostictus",NA,"USWC-48","Pleuronectidae","Pleuronectiformes","Actinopterygii","demersal"
"USWC-48 SPOTTED CABRILLA","Epinephelus analogus",NA,"USWC-48","Serranidae","Perciformes","Actinopterygii","reef"
"USWC-48 STURGEON, GREEN","Acipenser medirostris",NA,"USWC-48","Acipenseridae","Acipenseriformes","Actinopterygii","demersal"
"USWC-48 STURGEON, WHITE","Acipenser transmontanus",NA,"USWC-48","Acipenseridae","Acipenseriformes","Actinopterygii","demersal"
"USWC-48 THRESHER SHARKS","Alopias",NA,"USWC-48","Alopiidae","Lamniformes","Elasmobranchii","pelagic"
"USWC-48 TOMCOD, PACIFIC","Microgadus proximus",NA,"USWC-48","Gadidae","Gadiformes","Actinopterygii","demersal"
"USWC-48 WAHOO","Acanthocybium solandri",NA,"USWC-48","Scombridae","Perciformes","Actinopterygii","pelagic"
"USWC-48 YELLOWTAIL JACK","Seriola lalandi",NA,"USWC-48","Carangidae","Perciformes","Actinopterygii","benthopelagic"
"USWC-AK ARCTIC CHAR","Salvelinus alpinus",NA,"USWC-AK","Salmonidae","Salmoniformes","Actinopterygii","benthopelagic"
"USWC-AK CAPELIN","Mallotus villosus",NA,"USWC-AK","Osmeridae","Osmeriformes","Actinopterygii","pelagic"
"USWC-AK CLAM, BUTTER","Saxidomus giganteus",NA,"USWC-AK","Veneridae","Veneroida","Bivalvia","benthic"
"USWC-AK CLAM, PACIFIC LITTLENECK","Protothaca staminea",NA,"USWC-AK","Veneridae","Veneroida","Bivalvia","benthic"
"USWC-AK CLAM, PACIFIC RAZOR","Siliqua patula",NA,"USWC-AK","Pharidae","Veneroida","Bivalvia","benthic"
"USWC-AK COCKLE, NUTTALL","Clinocardium nuttallii",NA,"USWC-AK","Cardiidae","Veneroida","Bivalvia","benthic"
"USWC-AK DOLLY VARDEN","Salvelinus malma",NA,"USWC-AK","Salmonidae","Salmoniformes","Actinopterygii","benthopelagic"
"USWC-AK FLOUNDER, STARRY","Platichthys stellatus",NA,"USWC-AK","Pleuronectidae","Pleuronectiformes","Actinopterygii","demersal"
"USWC-AK LINGCOD","Ophiodon elongatus",NA,"USWC-AK","Hexagrammidae","Scorpaeniformes","Actinopterygii","demersal"
"USWC-AK MUSSEL, BLUE","Mytilus edulis",NA,"USWC-AK","Mytilidae","Mytiloida","Bivalvia","reef"
"USWC-AK OYSTER, PACIFIC","Crassostrea gigas",NA,"USWC-AK","Ostreidae","Ostreoida","Bivalvia","reef"
"USWC-AK ROCKFISH, BLACK","Sebastes melanops",NA,"USWC-AK","Sebastidae","Scorpaeniformes","Actinopterygii","reef"
"USWC-AK ROCKFISH, BOCACCIO","Sebastes paucispinis",NA,"USWC-AK","Sebastidae","Scorpaeniformes","Actinopterygii","reef"
"USWC-AK ROCKFISH, CANARY","Sebastes pinniger",NA,"USWC-AK","Sebastidae","Scorpaeniformes","Actinopterygii","demersal"
"USWC-AK ROCKFISH, DARKBLOTCHED","Sebastes crameri",NA,"USWC-AK","Sebastidae","Scorpaeniformes","Actinopterygii","demersal"
"USWC-AK ROCKFISH, REDBANDED","Sebastes babcocki",NA,"USWC-AK","Sebastidae","Scorpaeniformes","Actinopterygii","demersal"
"USWC-AK ROCKFISH, REDSTRIPE","Sebastes proriger",NA,"USWC-AK","Sebastidae","Scorpaeniformes","Actinopterygii","bathy-"
"USWC-AK ROCKFISH, SILVERGRAY","Sebastes brevispinis",NA,"USWC-AK","Sebastidae","Scorpaeniformes","Actinopterygii","demersal"
"USWC-AK ROCKFISH, STARRY","Sebastes constellatus",NA,"USWC-AK","Sebastidae","Scorpaeniformes","Actinopterygii","reef"
"USWC-AK ROCKFISH, YELLOWTAIL","Sebastes flavidus",NA,"USWC-AK","Sebastidae","Scorpaeniformes","Actinopterygii","reef"
"USWC-AK SCALLOP, SEA","Placopecten magellanicus",NA,"USWC-AK","Pectinidae","Ostreoida","Bivalvia","benthic"
"USWC-AK SHARK, SPINY DOGFISH","Squalus acanthias",NA,"USWC-AK","Squalidae","Squaliformes","Elasmobranchii","benthopelagic"
"USWC-AK SMELT, EULACHON","Thaleichthys pacificus",NA,"USWC-AK","Osmeridae","Osmeriformes","Actinopterygii","pelagic"
"USWC-AK SOLE, ENGLISH","Parophrys vetulus",NA,"USWC-AK","Pleuronectidae","Pleuronectiformes","Actinopterygii","demersal"
"USWC-AK SOLE, PETRALE","Eopsetta jordani",NA,"USWC-AK","Pleuronectidae","Pleuronectiformes","Actinopterygii","demersal"
"USWC-AK SOLE, ROCK","Paraplagusia bilineata",NA,"USWC-AK","Cynoglossidae","Pleuronectiformes","Actinopterygii","demersal"
"USWC-AK SQUID, JUMBO","Dosidicus gigas",NA,"USWC-AK","Ommastrephidae","Teuthida","Cephalopoda","pelagic"
"USWC-AK WHITEFISH, OCEAN","Caulolatilus princeps",NA,"USWC-AK","Malacanthidae","Perciformes","Actinopterygii","reef"
"WA dungeness crab","Cancer magister","no published document","USWC-48","Cancridae","Decapoda","Malacostraca","benthic"
"WA geoduck clam","Panopea generosa","1997","USWC-48","Hiatellidae","Myoida","Bivalvia","benthic"
"WA green sea urchin","Strongylocentrotus droebachiensis","no published document","USWC-48","Strongylocentrotidae","Echinoida","Echinoidea","benthic"
"WA pink shrimp","Pandalus jordani","no published document","USWC-48","Pandalidae","Decapoda","Malacostraca","benthic"
"WA red sea urchin","Strongylocentrotus franciscanus","1994","USWC-48","Strongylocentrotidae","Echinoida","Echinoidea","benthic"
